{"cameraMode":{"drawMode":0,"name":"Shaded","section":"Shading Mode"},"sceneLighting":false,"audioPlay":false,"sceneViewState":{"m_AlwaysRefresh":false,"showFog":true,"showSkybox":false,"showFlares":true,"showImageEffects":true,"showParticleSystems":true,"showVisualEffectGraphs":true,"m_FxEnabled":true},"in2DMode":false,"pivot":{"x":9.589635848999024,"y":2.0420334339141847,"z":-23.858928680419923},"rotation":{"x":0.13409841060638429,"y":0.5655563473701477,"z":-0.09382127970457077,"w":0.8083244562149048},"size":0.8110347986221314,"orthographic":false}