{"cameraMode":{"drawMode":0,"name":"Shaded","section":"Shading Mode"},"sceneLighting":false,"audioPlay":false,"sceneViewState":{"m_AlwaysRefresh":false,"showFog":true,"showSkybox":false,"showFlares":true,"showImageEffects":true,"showParticleSystems":true,"showVisualEffectGraphs":true,"m_FxEnabled":true},"in2DMode":false,"pivot":{"x":9.248546600341797,"y":2.3154191970825197,"z":-24.749473571777345},"rotation":{"x":0.03183851018548012,"y":0.9119657278060913,"z":-0.07210052013397217,"w":0.40266820788383486},"size":0.48094701766967776,"orthographic":false}